Shot,Mat,cGAN_normsim,LF_LRsim
5,5,0.0182962967064403,0.130303279538452
