Shot,Mat,cGAN_normsim,LF_LRsim
4,1,0.0171823725089957,0.259410925783964
4,2,0.0188443367931722,0.232826524436775
4,3,0.0184153774431718,0.178414509203986
4,4,0.0166340177305067,0.147155091490205
4,5,0.0172905240349552,0.129756444245151
4,6,0.0210516857207773,0.123005298060918
4,7,0.0195445639060766,0.176985329836238
4,8,0.0180282367301718,0.150965760400818
