Shot,Mat,cGAN_normsim,LF_LRsim
4,2,0.016891826683273,0.232826524436775
